"player_hand","num_players","win_percentage"
"L","170","48.4628456666151707090993"
"R","1231","50.7719559132260321903429"