"player_hand","num_players","win_percentage"
"L","114","49.2651284998768371787503"
"R","703","51.3935939069691376772656"