"player_hand","num_players","win_percentage"
"L","16","53.0514385353095030514385"
"R","166","55.0735723343867630185793"