"player_hand","num_players","win_percentage"
"L","107","50.3637833468067906224737"
"R","1084","51.0247904130021087280769"